learnFactor	acuracia_media	acuracia_dispersion	acuracia_defaultError	precision_media	precision_dispersion	precision_defaultError	recall_media	recall_dispersion	recall_defaultError	f1_score_media	f1_score_dispersion	f1_score_defaultError
0.1	49	10	4	51	9	4	46	13	5	48	11	5
0.15000000000000002	50	8	3	51	10	4	49	11	5	49	9	4
0.2	49	10	4	52	11	5	50	12	5	50	11	5
0.25	50	10	4	54	9	4	51	9	4	51	9	4
0.3	52	9	4	55	9	4	52	10	4	53	9	4
0.35	48	8	4	50	9	4	50	11	5	49	9	4
0.39999999999999997	51	10	4	55	9	4	50	9	4	51	9	4
